ID,장소명,별점,맛,가성비,분위기,서비스,원천
1637957216,장터국밥,5,51,20,14,23,kakao
2098634499,식해 한식바다주점,4.5,328,89,29,142,kakao
1873776,이자카야 촌,3.1,89,13,24,27,kakao
684089354,얼쑤 망원,4.5,514,126,188,195,kakao
1997011697,황제정육식당&수제돼지갈비,2,1,1,14,1,kakao
1535960191,서교주담 망원,4.5,2785,405,1499,865,naver
1691318306,더 바이글,4.3,856,102,220,279,naver
911552927,디망쉬 키친,4.3,52,3,14,24,naver
1879823956,마닐다과 화과자공방,4.3,84,14,25,33,kakao
117343217,이자카야 제때 망원점,4.5,84,12,42,31,naver
1558684636,Alive214,4.4,2118,406,1099,611,naver
2028626364,나우올네버,4.4,292,7,103,59,naver
1996118092,낮도깨비 밤도깨비,4.4,64,18,55,37,naver
616856088,프뤼떼마지 본점작업실,4.4,109,18,48,36,kakao
630795566,고미푸딩 망원점,4.4,371,22,105,126,naver
93122129,망원장터국밥,4.1,51,20,14,23,kakao
1134437672,초월양곱창,4.1,1980,455,348,925,naver
1373294203,키친갈매기,4.63,717,91,103,157,naver
863823354,오시 망원본점,4.3,17689,3168,8085,7214,naver
192598815,정든그릇 망원점,4.3,454,252,107,166,naver
396604563,다이치,4.3,69,7,34,52,naver
1546506535,티노마드모리,4.3,3435,445,2218,1517,naver
690650568,벚꽃스시 망원점,4.3,1122,436,83,393,naver
1673857593,설경,3.4,405,184,5,77,naver
946372629,고양꼬치 마포구청점,4,1,617,323,735,kakao
805235919,무어스,4.4,200,18,108,94,naver
1594402645,유어다이닝,4.81,2735,423,695,1041,naver
612300151,웨얼이즈누들,4.4,88,4,51,35,naver
988313618,노모어피자 마포구청점,4.4,262,98,58,99,naver
213806746,논드라이,4.4,2388,266,1401,363,naver
770918827,쿠루리,4.4,49,1,37,10,naver
2127662487,선데이카리오카,4.4,136,19,29,36,naver
539411343,라오삐약,4.4,691,175,94,133,naver
1206453002,망원갈매기,4.63,289,239,23,131,naver
2011961596,육회바른연어 망원시장점,4.1,1227,444,248,334,naver
114090745,피자먹다 망원점,4.4,124,24,53,42,kakao
19949548,큐스닭강정,4.36,4761,1539,75,1167,naver
333525317,그리드 망원,4.5,859,132,515,327,naver
1996288682,코우콘,4.5,123,29,45,69,naver
218205521,선술집 순,4.5,1113,226,255,370,naver
1819829977,앗츠,4.5,58,8,22,13,naver
677182056,해물장수,4.75,242,82,20,72,naver
407097008,망원곱창시장,5,2,1,20,2,kakao
1907652089,땅스부대찌개 망원월드컵시장점,3.5,3,3,1,2,kakao
155788758,망원동숯불족발보쌈,4.1,51,20,14,23,kakao
19493745,투다리 망원1점,4.5,169,66,13,59,naver
1722816819,달래식탁,4.1,95,3,14,5,naver
1962111749,쪼지네술방,4.5,49,10,30,18,naver
762144078,샐리스 팜투테이블 망원,4.4,215,37,34,51,naver
608684968,도담,4.5,370,71,95,152,naver
1261558408,망원돈,4.1,1350,414,213,454,naver
864560292,산수냉면 망원점,4.1,339,185,18,107,naver
1465610622,보리,4.35,118,48,1,47,naver
11246724,하심정,3.2,6,2,5,6,kakao
955690982,세이슈,4.5,1310,180,942,390,naver
1845595908,슌우,4.3,785,192,326,232,naver
1683571681,정주일가,4.1,1165,253,408,369,naver
436819496,온리디스베이커리,4.3,945,61,305,243,naver
1074062572,해피박스,4.4,124,24,53,42,kakao
636287285,픽셀,4.3,617,108,187,302,naver
340970062,트릴토리,4.5,276,45,187,207,naver
660959515,명랑핫도그 망원역점,4.45,1232,368,15,403,naver
1411066687,이웃집통통이 망원점,4.3,428,28,124,109,naver
86103478,리브인오후,4.3,964,93,234,250,naver
205941174,1994양과점,4.3,338,28,68,100,naver
577707896,바이어리셔,4.3,540,59,60,281,naver
1170755892,스위즈,4.3,260,66,25,169,naver
281609941,마로스베이크하우스,4.3,233,28,33,58,naver
1760178156,다시점,4.3,84,14,25,33,kakao
1218219193,스트릿츄러스 한강버스망원점,4.3,84,14,25,33,kakao
78638994,콜린,4.5,2522,50,1640,582,naver
1088931092,망원도,3.4,4,2,4,4,kakao
1559821182,아루감,4.3,4,1,6,6,kakao
2100908584,시우,4.7,20,9,5,16,kakao
1237404281,반달포차,4.5,93,32,3,40,naver
186054313,차차,4.4,487,7,205,106,naver
1442818966,파운드마켓 망원점,4.4,2001,278,390,352,naver
2130305474,리벌티 망원,4.5,599,30,304,236,naver
1516145205,스몰굿커피 망원역점,4.4,109,18,48,36,kakao
1419333748,레코드시즌,4.4,2822,103,1639,698,naver
1324444548,고체,4.4,366,54,140,281,naver
966218107,딜리커피 망원,4.4,585,189,89,233,naver
1243515681,히카,4.9,793,39,293,213,naver
277085613,플로어 망원,4.4,27,3,10,5,naver
1909653777,콘웰,4.4,709,20,274,259,naver
239288973,메가MGC커피 망원역점,4.4,2190,844,34,308,naver
267155694,락떼스피릿,4.4,956,29,532,676,naver
1536487352,망원 지튼,4.4,2124,33,928,385,naver
16050121,일등식당,4.1,67,62,15,30,kakao
18856246,망원시장손칼국수,4,42,54,7,19,kakao
13292214,청어람 망원점,3.5,45,15,7,14,kakao
16931682,순대일번지,3,17,4,3,6,kakao
64633006,육장,4,69,25,29,30,kakao
2143093783,고향집,3.7,15,24,4,7,kakao
396769070,진평925,2.3,1,1,2,1,kakao
22705945,한강껍데기,3.4,46,14,13,21,kakao
262090731,오복수산시장,3.6,8,2,5,6,kakao
27121860,현정이네철판두루치기 본점,3.4,12,6,2,4,kakao
16327897,원조청기와숯불갈비,2.6,7,4,2,5,kakao
27336550,망원동돼지국밥,3.3,10,2,2,4,kakao
16269519,몽골생소금구이,4.8,29,20,14,27,kakao
1531690926,퍼줄래대박집,3.8,17,21,8,15,kakao
11891247,할머니빈대떡 망원본점,3.7,13,12,3,5,kakao
1831766472,망원동고기집 망원본점,4.3,23,3,7,13,kakao
24371709,산청엔흑돼지 서울1호점,4.6,44,19,11,29,kakao
1028137347,청어람 2호점,3.9,7,4,2,8,kakao
889810020,정각 서울망원본점,4.6,74,22,50,67,kakao
8279183,또또칼국수,4.1,16,10,3,12,kakao
26055687,청아라생선구이 망원점,4.7,21,11,4,9,kakao
386986967,도마뱀식당,4.1,21,5,18,20,kakao
14090226,푸짐한곱창,4.1,6,6,1,6,kakao
13498159,산이네회무침,4.4,17,9,8,11,kakao
16846659,얼큰이왕냉면칼국수,4.4,12,14,2,5,kakao
1707192274,가족식탁 망원점,4.5,25,6,10,23,kakao
248364876,돌쇠풍천민물장어 망원점,3.7,3,4,14,4,kakao
1901994983,고기싸롱 망원역점,4.6,17,18,11,16,kakao
1841369014,해금도,4.7,18,11,8,13,kakao
20195980,혜성유통,4.6,15,14,2,8,kakao
1594126161,뿔 한우화로구이전문점,4.4,19,2,10,10,kakao
1540353497,성미골,3.6,5,1,1,5,kakao
19011122,소문난순대국왕족발,3.6,5,5,1,3,kakao
232654305,꿀백,4.4,12,9,2,5,kakao
19478261,고향집감자탕 마포구청역점,4.4,16,14,4,10,kakao
22790197,맛양값 망원본점,2.9,6,8,1,6,kakao
12059460,오복식당,4.1,13,13,3,11,kakao
1052780910,계륵장군,4.4,15,7,4,8,kakao
13605010,마포즉석모밀촌,3.5,9,9,2,4,kakao
371337349,송정,4.7,65,26,40,50,kakao
552135548,윤재윤지네 왕십리곱창,4.4,12,6,3,8,kakao
1564384971,대게특별시 망원시장점,4.5,18,16,7,18,kakao
1226420399,헤키,4.5,298,54,126,180,kakao
15526158,망원동 즉석우동 전문돈까스 본점,3.9,147,131,23,49,kakao
401923604,카페나하 본점,4,57,9,48,37,kakao
132500108,이치젠,3.6,62,15,37,20,kakao
291532086,희옥,4.6,56,13,24,41,kakao
200637285,멘지,4.1,48,15,13,22,kakao
1484901440,류진,4,61,30,29,43,kakao
795074926,소바식당 망원점,3.4,26,9,12,16,kakao
29067201,스시나마,4.1,30,41,14,24,kakao
351203677,산볼,4.7,65,33,39,60,kakao
524925693,파동,3.9,25,11,17,20,kakao
1215753799,신세카이,4.4,15,5,7,9,kakao
740043035,망원돈까스,4.2,39,17,6,32,kakao
1226001619,키타미 야키소바클럽,4.6,65,36,50,65,kakao
22108760,키움참치 망원점,3.3,545,116,258,232,kakao
1921224342,원기정,2.5,545,116,258,232,kakao
1992765166,정성,4.7,35,19,12,23,kakao
16706372,돈까스참잘하는집,4,6,3,2,4,kakao
7841341,동경 망원점,3.1,7,3,2,5,kakao
223361535,토마토코엔,4.1,28,8,32,27,kakao
1674640973,시카메이,4.7,22,12,13,19,kakao
25479070,왕수제돈까스,3.8,11,4,3,11,kakao
26625786,윤수산,4.2,4,4,1,4,kakao
2089289448,스키야 망원,3.8,5,1,1,3,kakao
86106370,쿠리,4.8,15,6,9,13,kakao
2120065326,최고당돈가스 망원점,4.6,7,5,2,5,kakao
1127192566,민영활어공장 망원시장점,4.7,6,6,258,7,kakao
20539565,광,4.2,4,2,2,4,kakao
1689818899,형제 부타동,4.3,32,18,13,29,kakao
646549910,새벽카레,4.8,21,14,20,20,kakao
2124298677,망원돈냉면,4,1,116,258,232,kakao
471278473,악어마끼 망원점,4.7,60,34,41,59,kakao
1267267910,휘선,5,28,16,26,26,kakao
763130744,나고미칸,4.6,9,2,6,7,kakao
166397630,하치고,4.8,7,3,5,6,kakao
2053812219,오카이,4.6,14,9,12,15,kakao
10119922,가원 망원본점,4,41,10,12,24,kakao
25068910,초한초마,3.2,12,6,4,3,kakao
24710430,망원양꼬치,3.9,17,3,4,4,kakao
27268990,동일루,3.1,12,1,4,7,kakao
17938931,황금룡,4.2,30,23,9,23,kakao
17703669,천지양꼬치,3.4,8,2,3,4,kakao
1384517812,덕클 망원점,3.9,11,7,8,9,kakao
386280661,갑,4.1,7,4,3,5,kakao
1027690143,하오하오,3,4,2,28,3,kakao
17115959,래래원,2.4,4,1,28,3,kakao
1100631879,소이양꼬치,3.6,6,4,3,5,kakao
901896650,5959양꼬치 본점,4,15,7,9,11,kakao
416545491,신화루,3.3,4,2,1,2,kakao
752232889,망원동칼짬뽕,3.7,10,12,28,1,kakao
624428474,홍콩반점0410 망원시장점,2.5,3,2,28,1,kakao
2017662187,양가,4.8,3,3,1,3,kakao
1075441101,짬뽕매니아 홍대점,1,33,49,28,51,kakao
54314344,레이키친,4.5,42,20,28,30,kakao
16993977,따식갈비&파스타,2.7,4,1,3,3,kakao
961509654,리플레토레,4.3,19,4,13,12,kakao
837832226,레이지오프,4.8,37,30,28,34,kakao
2101465777,노주,4.8,25,15,22,24,kakao
683256489,피자포르짜,4.3,23,7,21,18,kakao
735434381,타코닷,4.2,35,20,24,24,kakao
57035175,벨라또띠아,4.3,19,5,12,10,kakao
1204310494,빌렛,4.4,5,1,4,4,kakao
1443924309,비캔드,3.6,29,4,9,9,kakao
1355498173,시칠리블루스,4.5,3,1,3,3,kakao
920422938,킹브로 망원점,4.8,26,10,19,24,kakao
1232427598,클로벨리(clovelly),4.7,35,15,32,31,kakao
466716585,베우노,4.2,21,7,15,16,kakao
373800101,노스터,4.3,10,5,9,9,kakao
708087526,기글스 망원,5,12,4,10,11,kakao
352514823,알비꼴레또,4.8,7,2,7,6,kakao
419362746,러스틱재즈,4,5,24,6,5,kakao
11817213,피자스쿨 마포구청역점,4.6,6,5,1,5,kakao
1804795569,페리도트 망원점,3.7,5,3,4,5,kakao
1588246956,엘도밍고,3.8,24,22,14,16,kakao
240195324,파이브핑거스,4.2,7,5,5,7,kakao
933836760,다켄씨엘,4.7,43,14,34,36,kakao
8579459,피자스쿨 망원점,4.8,9,9,1,7,kakao
752213712,비긴자함바그,4.5,2,1,1,2,kakao
19925315,짱스버거,4.8,3,3,53,2,kakao
2025209,코드,4.6,30,12,28,28,kakao
1756464663,아벡재이,4.8,14,4,13,15,kakao
1181461605,10평파스타,4.3,6,5,1,6,kakao
895393522,그램피언스,4.9,6,3,1,3,kakao
1794117032,푸드실방,4.1,6,24,6,4,kakao
1341512562,피자빌스,4.8,16,7,13,10,kakao
1063795736,스낵팩 멜번 망원,3.3,1,2,53,1,kakao
645660762,둥글,5,7,3,6,7,kakao
1998182557,델피스 스테이크버거,4.6,9,5,7,6,kakao
1882667213,소셜다이닝 피델리오,3.5,124,24,53,42,kakao
726881907,프롬하노이,4.1,32,11,12,19,kakao
1463550532,발리인망원,3.7,32,6,27,15,kakao
1296705695,포썸,4.6,31,14,8,29,kakao
1694999007,코랏,4.4,69,11,34,46,kakao
1021519209,엉클포,4.8,10,5,8,9,kakao
1363548461,고타이,4.7,47,24,25,35,kakao
1450813260,하노이엔,4.8,38,23,24,36,kakao
1745514021,르보분,4.9,26,14,19,19,kakao
1717279625,포옹남망원,5,3,3,3,2,kakao
936405460,신짜오,5,6,3,3,6,kakao
420527431,밀객,4.3,11,6,5,4,kakao
1584328670,코브라파스타클럽,3,124,24,1,42,kakao
8951764,땡초곱창 망원점,4.5,18,11,6,14,kakao
19833909,족발천하 망원점,4.1,9,2,2,7,kakao
18208683,고기도국수면,4.5,17,3,3,10,kakao
1623215222,황제정육식당 망원점,3.8,5,7,2,5,kakao
10286755,돼지야,4.5,4,4,1,4,kakao
179297082,강통족발,3.8,3,1,14,3,kakao
22251823,삼겹살데이,3.6,5,6,3,5,kakao
1190084450,본가껍데기 본점,4.6,7,6,2,6,kakao
27321938,지호한방삼계탕 마포구청역점,3.1,5,2,14,9,kakao
506906756,망원꽃돼지,4.2,5,2,14,1,kakao
1454012829,망원숯불갈비,3.2,6,7,3,5,kakao
21410440,6호선닭한마리,4.2,9,8,2,6,kakao
16048039,연탄불소금구이,4,3,2,3,2,kakao
15219117,교동왕족발,4.8,4,4,14,2,kakao
27543702,육회by유신 망원점,3.8,1,1,1,2,kakao
158970766,망원떡갈비,2.8,3,2,14,3,kakao
16932165,삼삼이네삼겹살,3.6,4,4,1,3,kakao
16762392,상암한우한마리,3.9,4,1,14,3,kakao
1120974829,장군이네 대패삼겹,4.5,1,20,14,23,kakao
1666915656,월강김치생삼겹살,4.5,10,8,5,8,kakao
210489377,엉터리생고기 무한대패 망원점,2.9,4,4,2,2,kakao
1086260051,대패상회,4.4,9,10,4,9,kakao
555030955,망원 굽,4.6,5,5,3,6,kakao
1038614432,동래정 망원점,4.6,25,10,17,22,kakao
2128506444,자매네삼곱,4.6,9,6,4,9,kakao
81616346,한강돼지집,4.9,8,6,3,5,kakao
2073687722,고기로19,5,51,20,14,23,kakao
115125143,솥고집 마포구청역점,4.6,8,2,6,8,kakao
11969069,만복기사식당,2.9,14,7,3,3,kakao
853014263,엄마손쌈밥집,3.3,5,4,14,2,kakao
1930910443,지리산김치찌개,4.5,3,1,1,2,kakao
797890853,망원감자탕,4.3,1,1,14,23,kakao
740304952,만월,5,4,2,1,2,kakao
1742080584,여장군 망원점,4.7,30,32,10,23,kakao
606464308,우정식당,3.8,2,2,1,1,kakao
780895144,꽃삼정 본점,4,51,20,14,23,kakao
769867034,훈이네빈대떡,2.9,2,2,14,2,kakao
597024774,더드림 김치요리전문점 망원점,3.9,7,8,14,10,kakao
2028075183,전주식당,3.7,1,20,14,1,kakao
16047613,가정식고바우식당,4,6,5,2,4,kakao
15188439,마포나루,4.3,2,2,1,3,kakao
88302540,숯불설레임,4.9,9,9,4,10,kakao
861821350,신당동이모네곱창,4.1,4,2,1,2,kakao
13319939,용머리 횟집,4.5,6,20,14,4,kakao
1878597817,현이네회시장,4.7,14,8,5,12,kakao
282976694,369 활어회포장전문,2.6,51,20,14,23,kakao
1323062498,아끼야,5,2,116,1,3,kakao
712928271,단바 서울,4.3,10,8,12,10,kakao
1057119913,후라이보이 망원점,4.4,4,2,4,3,kakao
1679778074,토리야타이,4.1,5,1,4,4,kakao
1800291745,안티소셜위스키클럽,4.5,8,8,9,6,kakao
1195391895,역전할머니맥주 망원점,3.3,9,9,6,8,kakao
1698974915,홍대무라,4.5,11,8,3,9,kakao
1972048471,프로그,4.4,13,1,10,5,kakao
22016327,즐거운포차,5,5,5,4,5,kakao
141650150,아부찌부대찌개 망원점,5,1,1,14,1,kakao
2075879845,타코야키쿤,4.6,19,12,14,16,kakao
1250871408,로바타우직,4.3,26,12,23,24,kakao
1046663734,코멘터리사운드,4.8,21,8,21,21,kakao
26643625,공작,4.6,9,2,9,7,kakao
561329708,마개,5,3,1,2,2,kakao
1189035228,리파인 망원,4.1,13,4,12,11,kakao
1967666118,라비뛰드,4.8,17,11,5,15,kakao
2007237684,뱃놀이,4.2,18,7,14,17,kakao
1846042132,포도당,3.8,2,2,2,2,kakao
2076442584,풀 발효부엌,4.8,41,14,34,31,kakao
783140474,매실(maesil),5,19,14,17,17,kakao
1364999091,성광대도 망원,4.2,3,2,3,2,kakao
6504788,마초나초,4.9,7,5,6,6,kakao
277058754,싱싱샐러드 망원점,3.5,3,1,1,1,kakao
1426348311,시포,5,2,1,2,2,kakao
321737402,르디바인 망원 LeDevine mangwon,5,14,9,13,13,kakao
1777278745,하이에나,4.9,12,7,10,9,kakao
1411547070,프레퍼스 망원직영점,5,1,1,53,42,kakao
2068127884,카테고리나인,5,124,24,53,42,kakao
87958990,자마버거,4.3,4,1,1,2,kakao
7861587,맥도날드 망원점,3.3,7,5,4,8,kakao
9023941,맘스터치 망원역점,4.1,14,7,1,7,kakao
609361648,버거킹 마포구청역점,4.1,11,2,2,6,kakao
25550532,롯데리아 망원점,3.5,9,3,3,5,kakao
18900613,BBQ 망원점,2.1,3,88,10,2,kakao
1860817413,박군치킨,4.8,3,2,1,3,kakao
21410147,숯불바베큐치킨,4.7,1,1,10,2,kakao
118239889,윤사부치킨 망원점,4.9,3,2,1,1,kakao
228017396,BHC치킨 망원점,2.7,186,88,10,4,kakao
21409871,계림원 망원점,4.2,7,2,2,3,kakao
967541611,큐큐치킨,4.4,8,6,10,3,kakao
1882074751,화락바베큐치킨 망원역점,4.8,2,88,10,51,kakao
15349129,광계토 숯불바베큐,4.5,9,6,6,4,kakao
1528768693,후라이드참잘하는집 마포점,3.9,2,2,10,51,kakao
1773681412,동근이숯불두마리치킨 서울망원점,4.1,7,4,2,6,kakao
1732440983,티바두마리치킨 망원점,4.8,4,3,1,4,kakao
27337078,반했닭옛날통닭 망원점,4.4,3,3,10,2,kakao
11280281,교촌치킨 망원2동점,1.9,1,88,10,1,kakao
8119334,페리카나 망원동점,5,1,88,10,2,kakao
595486216,60계치킨 서울망원점,1.8,1,88,10,1,kakao
148256555,가마치통닭 서울망원역점,4.2,4,3,10,2,kakao
17723695,굽네치킨 망원1동점,3.9,4,2,10,4,kakao
410524575,또바기치킨 망원시장점,3.7,4,3,10,2,kakao
18941529,또래오래 마포망원점,4.2,1,88,10,1,kakao
797472816,탐스바베큐 TOM'S B.B.Q,3.5,1,88,10,51,kakao
1079776286,썬더치킨 망원점,4,1,1,10,1,kakao
1764665968,푸라닭치킨 망원점,2.4,186,88,10,51,kakao
7984002,네네치킨 망원점,2.2,2,1,10,1,kakao
581315448,정드린치킨 망원점,4.5,7,5,3,6,kakao
1455353823,바베큐치킨 참잘하는집,5,1,88,10,1,kakao
1709607012,도월리가,4.6,15,8,6,12,kakao
988241701,친친국밥,4.6,14,10,7,5,kakao
1829726744,묘내,5,3,1,3,3,kakao
443552359,전주가콩나물국밥전문점 망원역점,3.5,10,11,3,8,kakao
27336285,한우소머리국밥,4.3,4,2,2,3,kakao
1072972004,망원부자부대찌개,4.8,13,11,4,12,kakao
1400396728,망원란이김치찌개,4.5,4,2,2,3,kakao
552290693,씨스터버섯매운칼국수,4.7,29,15,7,22,kakao
1770399503,밀면집,2.9,6,3,1,1,kakao
9375757,임가네해물천국,3.9,4,3,3,3,kakao
1272236574,도화식당,4.9,7,7,4,7,kakao
1031182183,꼬치주간,3.7,17,2,8,5,kakao
1862219844,스트렁큰,4.5,51,1,14,1,kakao
18527536,장모님멸치국수,4.1,21,24,4,13,kakao
1546724050,오봉집 망원점,4.1,11,7,5,8,kakao
1559560446,한창희천하일면 망원점,4.3,6,5,2,3,kakao
1987198148,망원동 막국수,5,22,11,12,20,kakao
565615674,모가정국수,4.1,51,20,14,23,kakao
19305371,알짜배기,5,1,20,14,23,kakao
1601203964,무침프로젝트 홍어무침 망원점,4,7,2,1,3,kakao
258585529,위군,4.2,12,2,12,8,kakao
205785452,나나,4.6,16,5,12,9,kakao
984774665,낯꽃,4,2,1,2,2,kakao
1839559562,온리,5,3,1,3,3,kakao
1618317110,계춘몽,5,4,21,5,5,kakao
1169447274,닭도리탕한마리,4.2,5,4,2,2,kakao
16472271,원할머니보쌈족발 망원점,4,65,23,14,20,kakao
19517769,장수한방족발,2.7,51,20,14,23,kakao
21540676,장충동한방족발,1,51,1,14,23,kakao
1424606923,명성족발,3.2,2,1,1,1,kakao
11033214,고려왕족발,3.5,5,3,14,3,kakao
1088815991,우이락 망원본점,3.4,67,13,19,13,kakao
18249097,한촌설렁탕 망원역점,2.3,2,1,2,1,kakao
16443566,황금옥순대전문,4.2,18,21,3,15,kakao
493660119,양평해장국,4.2,10,8,2,9,kakao
16268949,상암순대국,2.9,4,3,14,23,kakao
1773999964,달고나,3.6,14,6,13,11,kakao
26823369,신의주순대와쭈꾸미 망원점,3,2,1,14,2,kakao
1671709741,레이크 망원,5,12,10,9,10,kakao
2095133293,부엉이산장 망원점,3.6,7,5,6,6,kakao
1794536430,마장동우뚝,4.7,26,25,5,18,kakao
150736550,신의주찹쌀순대,3,1,20,14,1,kakao
1965274189,신현만의한우곰탕 육회비빔밥,5,1,1,1,1,kakao
1355713327,뜻뜻,4.8,8,3,7,7,kakao
19452143,너랑나랑호프 망원점,3.7,21,4,9,12,kakao
2043090847,일번지대박집,1.9,4,5,1,5,kakao
19561668,노가리와호프,4.7,5,4,5,5,kakao
939560434,만나포차,3.3,2,2,1,2,kakao
1616835402,투다리 망원2점,3,116,21,65,42,kakao
135483638,치꼬뱅,5,157,53,16,70,kakao
2104529049,깡포차,5,1,21,65,1,kakao
1836184766,행복나들맛집,3,1,1,14,23,kakao
475353558,한강포차,5,1,1,1,1,kakao
26378258,왕뼈감자탕 망원직영점,2.9,3,1,1,2,kakao
16048027,용머리감자탕,4.1,5,3,1,1,kakao
1914542043,정국밥,4.7,7,8,3,7,kakao
111229507,소담,5,3,3,1,3,kakao
865390249,예원이네,4.5,1,1,2,2,kakao
1346827647,망원식당,3.1,7,6,2,4,kakao
816429245,구내식당,4.1,6,3,1,3,kakao
248052049,주로,5,3,3,3,3,kakao
727898320,옌징바,4.2,12,11,8,6,kakao
1038327447,망원샌드,5,2,46,2,2,kakao
1218022297,그린앤피니 망원본점,4.8,3,2,53,1,kakao
256064588,소금집델리 망원,4,66,3,29,20,kakao
1155284450,리앙키친 본점,4.7,124,24,53,42,kakao
21361170,망원수제고로케,3,12,10,4,6,kakao
1370160550,구운,4.5,17,3,13,11,kakao
2042110528,호아,4.6,9,2,7,9,kakao
2104272968,일랑비어하우스,4.9,15,10,15,13,kakao
10892369,파리바게뜨 망원점,2.6,2,1,1,2,kakao
2125106054,웅장,4.7,15,3,9,4,kakao
712791231,화월,4.5,9,3,9,8,kakao
722690726,진다이브,5,3,2,3,4,kakao
2113434083,파리바게뜨 망원역점,2.5,1,1,1,2,kakao
10460762,본죽&비빔밥cafe 망원역점,3.7,4,1,2,4,kakao
806247898,망원양화,5,4,21,3,2,kakao
1237243122,진토리닭곰탕,3,3,1,1,1,kakao
1224440470,한옥집김치찜,4.9,6,5,14,5,kakao
887578860,이천억 해물이랑고기랑 직영본점,2.3,51,20,14,23,kakao
16050279,고향전,3.5,1,20,14,23,kakao
1874057989,인정쭈꾸미 망원점,5,12,9,4,11,kakao
100916791,제육대가 쭈대가 마포구청점,3.8,2,20,14,1,kakao
328477987,로뎀식당,5,2,2,2,1,kakao
1038354380,텐덜리,4.4,8,5,6,8,kakao
612256306,철길부산집 망원점,4.9,34,22,17,28,kakao
118536913,대산집,4.4,5,5,3,5,kakao
10331411,명성한우,2.6,1,20,14,23,kakao
1160855738,마더죽카페,5,2,1,1,2,kakao
737284201,썬릿25,3.3,5,3,2,4,kakao
1816436967,전통맛죽,2,51,20,14,23,kakao
20539596,본가마산아구찜,3.4,2,1,1,1,kakao
1856816187,참맛닭곰탕,4.8,2,2,14,23,kakao
1327988260,열정타코 망원점,4.8,54,37,37,39,kakao
242933960,히츠지야 망리단길점,4.2,18,13,15,18,kakao
1213207875,오코노미야키골드,4.4,12,2,10,7,kakao
1783935593,깡치네 망원본점,4.9,5,4,3,3,kakao
979382825,유포장마차,5,1,21,65,1,kakao
1975854115,초반식당 망원점,4.6,6,4,4,5,kakao
457419474,반주,3.9,8,3,4,7,kakao
211645933,쌈싸먹는민족 본점,4.7,9,3,3,9,kakao
16050298,진부령황태촌 망원점,4.2,7,4,1,2,kakao
16063085,나들목빈대떡,4.6,16,13,6,13,kakao
1439405855,금붕어식당,4,2,1,1,1,kakao
2016571663,도스,4.4,3,3,3,3,kakao
788925882,토터,5,8,5,7,8,kakao
304398018,이구역의요리왕,5,3,2,14,1,kakao
523228134,저집 망원점,4.6,9,7,6,9,kakao
1093412683,말쑥이전포차,5,1,1,14,23,kakao
306893208,아리조나불백,5,2,2,1,1,kakao
91291258,바코드포차,5,1,21,1,42,kakao
1541775289,반갑소갈비탕,5,1,1,1,1,kakao
16790849,명가낙지마당 망원점,4.9,2,1,1,2,kakao
1374948854,망원틈새전,5,4,4,2,4,kakao
564845305,쿠로,4,27,18,23,21,kakao
486940909,리틀스탠드레몽,4.6,19,7,18,18,kakao
75881749,망원동 나경이네,5,6,6,5,6,kakao
792539956,GRANWAVE 그랑웨이브,5,9,1,9,9,kakao
18490421,유유,4.7,3,2,2,2,kakao
810075081,살쾡이,4.6,19,12,18,19,kakao
1974817816,아카사카참치전문점,5,4,2,2,3,kakao
18764202,써브웨이 망원역점,2.2,5,4,1,7,kakao
1940070759,써브웨이 망원한강공원점,2.8,5,4,5,4,kakao
1688117102,소코아 망원점,5,1,20,1,1,kakao
2083936368,원당가마솥찰옥수수,4.8,5,6,1,5,kakao
1869261163,블렌딩바 망원,4.9,14,8,15,14,kakao
1405054411,이삭토스트 서울망원시장점,3.6,3,2,25,3,kakao
887161079,건어물라운지,3.1,1,2,3,3,kakao
16049884,소문난빈대떡마을,4.8,7,5,3,7,kakao
940398202,투스,4.8,3,1,3,3,kakao
721283235,한입 타코야끼,4.5,5,2,25,4,kakao
1905207814,망원닭강정,3.8,13,7,3,9,kakao
24545266,가마로강정 망원점,4,7,3,1,2,kakao
1110876391,훈훈호떡,3.9,57,30,11,30,kakao
98838254,원당수제고로케,3.5,5,4,25,5,kakao
1483278544,압구정고깃집,4.2,4,3,2,4,kakao
1973295284,생맥줏집,4,1,1,1,1,kakao
828640256,어글리베이커리,3.1,55,15,10,13,kakao
249556986,후와후와,3.3,30,5,5,14,kakao
1596111775,투떰즈업,3.7,33,4,2,17,kakao
126067252,브릭베이글,3.8,27,6,5,17,kakao
1251590315,블랑제리코팡,4.3,43,11,6,6,kakao
827995849,스콘포드로그,4.8,35,4,17,29,kakao
1294350899,코토베이커리,4.9,6,2,4,4,kakao
1614977516,후와후와 모치점,3.6,2,14,25,2,kakao
1692750274,버터베이커리 망원,4.5,20,5,1,10,kakao
105760760,구미가당,4.2,48,21,16,31,kakao
1353057659,웅파이 미트파이,4.7,61,25,16,52,kakao
1917968704,밀로밀,4.6,66,22,15,33,kakao
1079314311,비번,3.4,5,2,7,5,kakao
168986267,라므아르,4.2,15,1,9,7,kakao
95093950,졸리파이마켓,4.3,13,3,6,9,kakao
1269165338,소소베이크하우스,4.8,21,14,1,14,kakao
44195578,하이놀리,4.6,20,9,5,11,kakao
1286934326,본연,3.2,3,2,2,3,kakao
783754308,라바즈,4.3,28,14,2,10,kakao
1976552184,키토빵앗간,4.8,21,8,11,20,kakao
869449307,흐쎄트 망원,4.7,5,2,25,5,kakao
281354838,카스테라연구소,4.3,26,15,10,10,kakao
592971955,베이크앤쏘,4.6,5,14,3,5,kakao
7849196,뚜레쥬르 마포구청역점,2.6,1,1,1,1,kakao
497177489,비고미,5,34,14,25,35,kakao
27494482,뇽뇽마카롱,3.5,84,14,25,33,kakao
389130579,클로버베이커리,4.9,14,10,8,13,kakao
1674322635,위켄드케이크,5,13,9,7,12,kakao
134768190,크림데이,4.7,17,7,1,13,kakao
874093327,하나팡,5,5,4,2,5,kakao
1315898393,천원의행복빵 망원시장점,5,84,14,25,33,kakao
1415935914,"그래,좋아",5,2,1,25,2,kakao
924624769,감정선프로젝트 베이킹 망원점,4.1,11,14,20,26,kakao
309135566,종관과자점 망원점,4.8,2,1,1,1,kakao
891467317,술빵술찐빵,4,2,1,25,1,kakao
1823939947,당도,4.4,54,2,5,21,kakao
464359175,페이버,5,48,25,47,47,kakao
2009479984,돌체디앤,4,2,2,1,2,kakao
14529241,쁘띠보뇌르 망원본점,4.1,7,3,2,4,kakao
1133529206,블랑끼따,5,2,1,25,2,kakao
215820570,라베리타,4,84,14,25,33,kakao
107147547,비건앳홈,5,1,1,1,1,kakao
460583990,베잇킹,5,2,1,1,2,kakao
238672049,그랜드나나파파,5,1,14,1,1,kakao
1039595147,근제베이커리,4.8,4,3,2,3,kakao
664697529,하루가달고나,3.7,2,1,25,1,kakao
1484146990,카카오다다,4.6,21,14,9,8,kakao
1737597750,잼인브레드,4.3,3,2,2,3,kakao
2041246263,나이트앤데이,4,18,11,18,15,kakao
305236999,미미당,4.6,2,2,25,2,kakao
1689642367,호랑이라운지,5,6,3,6,6,kakao
56908621,비어트립,4.5,116,21,65,42,kakao
1167398828,이오오,5,5,2,3,4,kakao
1655002082,디디앤숲,5,2,24,1,1,kakao
1162523963,로메인키친,4.9,21,16,15,20,kakao
848418906,단칸빵,4.4,7,2,2,6,kakao
1657799972,크렘크렘,4.8,6,2,5,6,kakao
1126380174,망원튀맥집,3.4,4,2,3,5,kakao
1663607847,알코브,5,4,21,3,4,kakao
232000786,공일토스트,5,1,1,1,1,kakao
2127243537,말라카이트 망원,4.7,7,4,5,4,kakao
466908281,솔나무떡집,3.7,7,5,4,5,kakao
10394561,배스킨라빈스 망원역점,1.9,3,1,2,2,kakao
1558672761,포도앤몰트,5,124,24,53,42,kakao
1238690073,별하담,5,1,14,25,1,kakao
1094315759,아마,4.6,9,4,8,8,kakao
757011381,무주택,4.7,19,9,17,20,kakao
27114079,책바,4.6,9,21,17,10,kakao
458133523,빌라마리아나,5,7,1,8,6,kakao
1193142547,바 사뭇,4.4,8,4,9,5,kakao
428239703,내잔 서울혼술바 망원점,5,5,4,5,6,kakao
836602775,초쿤바,4.9,20,11,23,21,kakao
1613938869,꿩먹고알먹고호프,3.7,68,25,44,16,kakao
270288078,휴식당,3.5,3,21,1,2,kakao
1442911324,트릴로지,4.8,17,9,22,20,kakao
577421308,능소화,5,3,3,4,4,kakao
717145476,101호,5,116,21,65,42,kakao
1279861713,살롱드낭만,4.9,4,2,4,4,kakao
953494282,계월,5,5,21,5,5,kakao
333986853,시장맥주,4.4,5,3,4,6,kakao
207057190,유진,5,7,2,7,7,kakao
204344934,망원양조,5,1,1,1,1,kakao
321818491,전조,5,4,3,4,3,kakao
1387581127,브로크백 망원,5,3,1,4,3,kakao
165099900,끄을림,5,5,3,4,5,kakao
1702037725,옥수당 망원시장점,5,2,2,25,1,kakao
434571701,자연애곳간 망원시장점,5,1,1,1,1,kakao
22000184,돌쇠떡고을 월드컵시장점,3.6,3,2,1,2,kakao
21410660,홍어전문점,4.3,5,2,4,4,kakao
682940004,카페인중독 망원점,3.3,109,18,48,36,kakao
1230957796,퓸즈 망원점,4.1,7,1,6,5,kakao
604826644,달리는커피 서울망원점,5,4,4,1,4,kakao
1299166899,뉴케이스 망원본점,4.5,1,1,1,1,kakao
1673804360,투썸플레이스 마포망원점,3.3,1,18,5,3,kakao
350204016,설빙 서울망원점,2.7,5,4,3,4,kakao
424480769,고망고 망원점,4.2,9,9,48,2,kakao
1422574279,80호 자유,4.9,5,1,4,4,kakao
1616501763,더파인트,4.6,1,18,1,36,kakao
27481601,딥블루레이크,4,62,12,35,27,kakao
1437578764,키오스크,4.2,44,16,21,18,kakao
166693761,메가MGC커피 망원망리단길점,3.7,1,18,48,1,kakao
1059570861,카페공명 망원책빵,4.6,22,4,19,18,kakao
1761764859,도래노트,4.6,28,7,28,27,kakao
728136862,꼬르소산도,4.4,21,2,13,8,kakao
1752574662,스타벅스 망원한강공원점,4.1,24,18,57,36,kakao
445276408,도쿄빙수 본점,4,50,5,16,21,kakao
1419330175,모아새,3.6,9,3,9,4,kakao
1657237532,두두리두팡 망원본점,4,12,2,9,12,kakao
879138848,올웨이즈어거스트,4.5,81,10,71,69,kakao
1900464075,아브르드팡,4.1,4,18,2,3,kakao
26966495,스몰커피바,4.3,7,3,6,7,kakao
924273495,레이지독케이크,4.8,7,6,4,7,kakao
1427980191,몬스터스토리지 메종망원점,3.3,5,1,6,2,kakao
642988041,어레미,4.9,5,18,8,8,kakao
75453582,해브어,4.7,22,5,11,23,kakao
282328816,포스트노빌즈,4.4,29,2,29,23,kakao
1220444490,리파인드카페,5,2,1,2,2,kakao
2123162656,네르,4,2,2,1,2,kakao
1653632254,카페핀드,4.7,12,4,14,10,kakao
1228102379,카페 고잉홈,4.4,17,4,18,18,kakao
257404114,크리머리,4.9,17,6,11,17,kakao
2131106327,평형,4.8,30,8,36,30,kakao
742475019,이어케이크,4.5,9,4,5,3,kakao
27302110,카페카카,4.2,32,10,27,23,kakao
386734379,나탈레,5,2,2,1,2,kakao
590814081,메이크베러띵스,4.8,33,11,16,24,kakao
20620718,피피커피,4.5,55,14,36,49,kakao
723311013,라뚜셩트베이커리,4.4,109,18,48,36,kakao
1592578597,메가MGC커피 마포중앙점,3,109,1,48,36,kakao
601066045,제로어쎔,5,3,18,3,3,kakao
1955254709,메가MGC커피 망원시장점,4.1,3,4,1,2,kakao
1378396844,카페 나기,4.8,3,2,2,2,kakao
1129394942,구황작물,4.3,19,3,16,19,kakao
1213024880,고드니 망원,4.4,3,18,2,3,kakao
798968874,다다랩,4.4,36,13,45,33,kakao
1392824555,프토빌,3.7,2,18,1,1,kakao
916347366,솔티웨이브,4.4,109,18,48,36,kakao
1322416880,퍼스널커피,4.7,23,13,16,21,kakao
1381727144,버터크림팩토리,4.8,39,5,8,21,kakao
1185919020,광합성카페,4,16,3,16,9,kakao
963684615,범골커피,4.9,6,4,6,5,kakao
1145609942,러브레플리카,5,3,18,6,2,kakao
659749618,Uig,4.1,33,5,40,14,kakao
332229567,오늘의위로,4.5,20,5,11,14,kakao
95032920,루아르커피바 망원,4,15,5,19,16,kakao
2090377910,카펫 망원점,3.7,18,2,18,11,kakao
1913867081,카페밤비 2호점,4.6,5,2,2,5,kakao
1148426905,마핑파,4.1,13,1,11,9,kakao
1314682474,로트,4.8,12,3,11,10,kakao
692735827,찬찬커피로스터스,4.8,11,6,9,9,kakao
266569400,필리커피,3.8,17,4,14,12,kakao
1340459615,피우커피,4.9,6,18,6,8,kakao
1063334494,씨엘로,4.4,4,1,5,5,kakao
87167692,플랩핑커피,4.9,3,2,4,4,kakao
680429098,센토브,4.4,18,4,17,16,kakao
514993416,빽다방 망원시장점,3.5,2,3,48,4,kakao
267571896,컴포즈커피 망원시장점,3.3,5,5,3,6,kakao
1186855546,탭커피 망원점,4.2,1,18,1,1,kakao
173906030,9램,4.3,8,2,10,8,kakao
387898908,보울리,4.9,7,1,4,7,kakao
232805429,레오띠,4,1,1,3,3,kakao
996526822,빽다방 마포시민공원점,4.5,2,3,48,3,kakao
2097572982,커피무카24 망원점,4.5,2,3,1,2,kakao
52284774,매머드익스프레스 망원역점,4.8,4,4,1,5,kakao
1097247560,누운,4.8,17,6,19,17,kakao
162670710,호버,4.7,3,1,3,3,kakao
163310640,베러댄알콜,4.4,13,1,9,9,kakao
285155093,에그밀,4.3,4,4,4,4,kakao
1599315556,메럴리,4.9,12,5,7,10,kakao
1300805624,무흐,5,5,18,4,3,kakao
1181594448,닷트 dott,5,10,2,7,9,kakao
1535275573,하우스오브바이닐 망원점,3.6,5,18,17,4,kakao
394201778,한강에스프레소,4.6,48,13,42,29,kakao
480439330,페트롤플레이스,4.4,18,1,21,16,kakao
938212941,고리,4.8,9,1,8,7,kakao
2085885339,위트윈스,4.7,8,2,7,7,kakao
1611340177,딥블루레이크_카페,4.6,2,1,1,2,kakao
753961371,스테어,4,109,18,1,2,kakao
864159937,오렌지페블,3.2,11,8,8,10,kakao
180848635,히피커피,5,3,2,2,3,kakao
156262262,꼬레소레하우스,5,8,2,7,8,kakao
1528313820,프레피커피랩 망원점,4.3,9,6,8,8,kakao
1293967995,텀어우드,5,8,4,8,8,kakao
1253776250,카페게이트 망원역점,4.1,4,4,5,5,kakao
1815189022,바나타이거 망원점,4.4,2,2,1,3,kakao
941603101,이호커피 망원점,4.9,9,2,7,8,kakao
1666714903,인바이트,5,3,3,3,2,kakao
300091415,요거트아이스크림의정석 망원점,2.4,2,18,1,2,kakao
1202937064,그냥방실,4,3,1,2,2,kakao
588822286,요거로밀,4.9,6,5,2,4,kakao
1705080114,오늘요거,4.2,2,18,1,2,kakao
636625983,M1CT,4.5,11,3,8,6,kakao
1055053824,필담,4.1,11,18,18,15,kakao
1291730987,포트레이트 커피바,4.3,48,16,51,32,kakao
1736421664,카페엠,4.5,9,6,5,10,kakao
739373855,파사도 망원,3.2,10,5,14,8,kakao
1886415074,보통공원,4.2,24,3,29,16,kakao
27417081,코코부코 망원본점,4.8,18,8,7,12,kakao
488469700,604,4.6,26,7,21,17,kakao
1295263859,오탄틱,4.9,14,7,15,14,kakao
687040133,숲터 그로브 허브 망원,5,3,3,3,3,kakao
358523602,브라운프론트도어,4.8,21,6,23,21,kakao
974225193,WHH 와하하,4.4,12,6,11,13,kakao
1423394242,카페빈틈m,4.8,28,21,35,33,kakao
1297963974,키프키프나인,5,10,6,6,8,kakao
1763973116,큰새 브루잉,5,1,1,1,1,kakao
1332339920,낫트,4.5,1,18,2,1,kakao
1426623384,JS라운지 망원점,5,109,18,48,36,kakao
472708010,망디,5,5,4,4,6,kakao
968386360,이롭커피베이크,4.9,8,3,8,7,kakao
41281308,커차그,4.9,7,2,7,8,kakao
1938487099,타티커피스,4,1,18,1,36,kakao
1357554900,HHSS하우스,2.8,6,18,15,7,kakao
1956502109,파동로스터리카페,5,1,18,1,36,kakao
1035384075,메가MGC커피 마포시민공원점,3.1,2,2,48,3,kakao
1940304043,시모어,4.8,11,5,12,12,kakao
973295033,카페기글,4.4,5,1,5,2,kakao
1543767394,메가MGC커피 망원포은점,3,1,1,48,1,kakao
967799425,소피,4,10,3,12,9,kakao
245104773,사과당 망원점,4.3,3,2,3,3,kakao
979881761,도파민,4.8,17,9,8,12,kakao
1024619416,카나모노룸,4,18,3,17,18,kakao
45606914,허니빙스,3.6,7,5,1,3,kakao
1371486408,마르뜨,3.9,2,18,2,1,kakao
405538867,할루,5,109,18,48,36,kakao
424043959,우지커피 망원한강공원점,4.2,5,4,1,4,kakao
307803660,달보드레,5,5,3,3,5,kakao
1254472158,커넥츠커피 망원점,4.2,17,6,14,17,kakao
170341992,카페텅 망원점,3.1,4,18,3,4,kakao
1485587728,지누스,3.8,4,4,1,3,kakao
1101251149,구스커피앤바,4.5,29,4,36,25,kakao
1904884118,틸다운 망원,4.9,3,1,6,5,kakao
27283455,카페하임,4.1,10,5,1,6,kakao
1811389978,애독의흔적,5,1,1,1,1,kakao
1671021007,노웨어홈,4.6,7,3,7,7,kakao
1406479066,큐엔에이룸,5,2,18,2,2,kakao
1207843121,캐롤라인더스틴,5,2,1,3,3,kakao
1808136120,피에스타7커피 망리단길점,1.8,1,1,48,1,kakao
1509063996,이디야커피 망리단길점,4.3,109,18,1,36,kakao
1132169409,페이브커피 망원시장점,4.3,1,1,48,36,kakao
1716463094,오슬로우 월드컵시장점,5,1,1,48,1,kakao
347760332,모을,4.3,11,4,20,12,kakao
1737509311,힙댕,4.2,5,6,7,9,kakao
1274357871,루틸,4.6,3,2,2,2,kakao
1262692306,아더커피 망원점,5,1,1,1,1,kakao
1406224236,삼공,3.9,9,18,2,2,kakao
